{
  "version": 1,
  "R_row_major": [
    -0.007472361885536334,
    0.020911772180891457,
    -0.9997534003903694,
    0.999557757032239,
    -0.028621188739192022,
    -0.008069567016576344,
    0.02878287971227085,
    0.999371565204559,
    0.020688656216847554
  ],
  "scale": 1.0
}