{
  "version": 1,
  "R_row_major": [
    0.9207092367431959,
    0.04307876158497904,
    0.3878643083296865,
    -0.3880195368415014,
    -0.005038928421052715,
    0.9216373734987499,
    -0.04165741716751333,
    0.9990589719834719,
    -0.012076013177357984
  ],
  "scale": 1.0
}