{
  "version": 1,
  "R_row_major": [
    0.38191608691137874,
    0.02404463681377222,
    -0.9238841691461079,
    0.9224357175995936,
    -0.07160429942084905,
    0.3794537800588791,
    0.057030250348591514,
    0.9971432593890125,
    0.049526465654574955
  ],
  "scale": 1.0
}