{
  "version": 1,
  "R_row_major": [
    0.9917503257109677,
    -0.031489452669789274,
    -0.1242566127928281,
    -0.12371341559853728,
    0.018655757541683686,
    -0.9921426074468779,
    0.03356012892009364,
    0.9993299640664755,
    0.014606185873241527
  ],
  "scale": 1.0
}